{
  "bias": 0.004162915982306004,
  "weights": [
    0.00804436206817627,
    0.04299597069621086,
    0.025484824553132057,
    0.005546442698687315,
    -0.023479266092181206,
    0.04864330589771271,
    -0.010985497385263443,
    0.027900639921426773,
    -0.008485658094286919
  ]
}