{
  "bias": 0.003047158010303974,
  "weights": [
    0.007557448465377092,
    0.04256860166788101,
    0.019036533311009407,
    0.008476289920508862,
    -0.01844235323369503,
    0.05052463710308075,
    -0.008642842061817646,
    0.02406381070613861,
    -0.008487815037369728
  ]
}