{
  "bias": 0.0033280684147030115,
  "weights": [
    0.004817903507500887,
    0.04610976204276085,
    0.02152474783360958,
    0.007441558409482241,
    -0.019730551168322563,
    0.04968176409602165,
    -0.008556229993700981,
    0.023150118067860603,
    -0.005244791507720947
  ]
}