{
  "bias": 0.003582136705517769,
  "weights": [
    0.006461553741246462,
    0.04719323664903641,
    0.014323767274618149,
    0.004541551694273949,
    -0.01676688902080059,
    0.0522950105369091,
    -0.0059402985498309135,
    0.023439479991793633,
    -0.009165097028017044
  ]
}