{
  "bias": 0.010470935143530369,
  "weights": [
    0.005902491509914398,
    0.05350425839424133,
    0.013944024220108986,
    0.00041556404903531075,
    -0.01609102077782154,
    0.05241302028298378,
    -0.006588952150195837,
    0.023234905675053596,
    -0.006488746963441372
  ]
}