{
  "bias": 0.013231226243078709,
  "weights": [
    0.010360511019825935,
    0.04981548339128494,
    0.024737004190683365,
    0.0025691594928503036,
    -0.03410850837826729,
    0.04772045835852623,
    -0.012604223564267159,
    0.022791553288698196,
    -0.007337587419897318
  ]
}