{
  "bias": 0.010059991851449013,
  "weights": [
    0.010770704597234726,
    0.04365422949194908,
    0.020799795165657997,
    0.005854292772710323,
    -0.022062204778194427,
    0.049205683171749115,
    -0.011144367977976799,
    0.023032980039715767,
    -0.009597187861800194
  ]
}