{
  "bias": 0.6097011566162109,
  "weights": [
    -0.0032777879387140274,
    0.0029410114511847496,
    0.0035720085725188255,
    0.0045106662437319756,
    0.002999108051881194,
    0.004404397681355476,
    -0.00011964734585490078,
    0.002947167493402958,
    0.0006003195885568857
  ]
}