{
  "bias": 0.5964771509170532,
  "weights": [
    -0.0013208864256739616,
    -0.006985225714743137,
    0.01745137944817543,
    0.00734863243997097,
    0.007900496944785118,
    0.008367195725440979,
    0.01337988581508398,
    0.0024231672286987305,
    -0.003042408265173435
  ]
}