{
  "bias": 0.9683000445365906,
  "weights": [
    -0.044791508466005325,
    0.014915733598172665,
    0.008711868897080421,
    0.0009097584988921881,
    -0.030529102310538292,
    0.018783055245876312,
    -0.02355819009244442,
    0.009464001283049583,
    -0.01585347019135952
  ]
}