{
  "bias": 0.9684526920318604,
  "weights": [
    -0.04355548694729805,
    0.015389776788651943,
    0.00884049478918314,
    0.0005059315590187907,
    -0.029931053519248962,
    0.018637605011463165,
    -0.02261013351380825,
    0.007183413486927748,
    -0.015877798199653625
  ]
}