{
  "bias": 1.4382352828979492,
  "weights": [
    0.24224549531936646,
    0.022370049729943275,
    0.12153277546167374,
    -0.19051216542720795,
    0.14383994042873383,
    0.8049924969673157
  ]
}