{
  "bias": 1.4378873109817505,
  "weights": [
    0.2510976791381836,
    0.02663196623325348,
    0.12032214552164078,
    -0.1844048649072647,
    0.14214299619197845,
    0.8077403903007507
  ]
}