{
  "bias": 1.4388618469238281,
  "weights": [
    0.24369290471076965,
    0.02234782837331295,
    0.12083319574594498,
    -0.1853627860546112,
    0.14287273585796356,
    0.8028469085693359
  ]
}