{
  "bias": 1.438332438468933,
  "weights": [
    0.2464883029460907,
    -0.2970944941043854,
    0.3549278676509857,
    -0.37282794713974,
    0.4193055331707001,
    0.8845327496528625
  ]
}