{
  "bias": 1.4406166076660156,
  "weights": [
    0.23741933703422546,
    -0.30148443579673767,
    0.3444557785987854,
    -0.38795867562294006,
    0.4131370484828949,
    0.880081057548523
  ]
}