{
  "bias": 1.4370341300964355,
  "weights": [
    0.23830831050872803,
    -0.3011319637298584,
    0.34777480363845825,
    -0.38820356130599976,
    0.4176909923553467,
    0.8744402527809143
  ]
}