{
  "bias": 1.4181108474731445,
  "weights": [
    0.002116071293130517,
    0.000801283516921103,
    0.0005866896826773882,
    0.00038988658343441784,
    0.00019477024034131318,
    -0.00045441114343702793
  ]
}