{
  "bias": 1.4197624921798706,
  "weights": [
    -0.0020052643958479166,
    -0.0001911221188493073,
    0.0002344404492760077,
    -0.0007085634861141443,
    0.0001377685839543119,
    0.001969503238797188
  ]
}