{
  "bias": 1.4192882776260376,
  "weights": [
    0.0010105413384735584,
    8.005691779544577e-05,
    -0.0007825964130461216,
    -0.001703114714473486,
    -0.0009432340157218277,
    0.0010893421713262796
  ]
}